alias,stg_group
ADVANCED IDEA MECHANICS,A.I.M.
AIM,A.I.M.
BOM,Brotherhood of Mutants
BROTHERHOOD,Brotherhood of Mutants
BROTHERHOOD OF EVIL MUTANTS,Brotherhood of Mutants
BROTHERHOOD OF MUTANTS,Brotherhood of Mutants
HYD,HYDRA
HYDRA,HYDRA
HELLFIRE CLUB,Hellfire Club
HFC,Hellfire Club
IJL,Injustice League
INJUSTICE LEAGUE,Injustice League
INTERGANG,Intergang
LEAGUE OF ASSASSINS,League of Assassins
LOA,League of Assassins
LEGION OF DOOM,Legion of Doom
LOD,Legion of Doom
MASTERS OF EVIL,Masters of Evil
MOE,Masters of Evil
N/A,None
NO,None
NO KNOWN AFFIL,None
NONE,None
SERPENT SOC,Serpent Society
SERPENT SOCIETY,Serpent Society
SIN6,Sinister Six
SINISTER 6,Sinister Six
SINISTER SIX,Sinister Six
HAND,The Hand
THE HAND,The Hand
